review_date,marketplace,customer_id,review_id,product_id,product_parent,product_title,product_category,star_rating,helpful_votes,total_votes,vine,verified_purchase,review_headline,review_body,review_year,review_month,review_day,review_weekday
1995-06-24,US,53096571,RHL4UW17ZK72A,521314925,981000000.0,Invention And Evolution:Design In Nature And Engineering,Books,5,9,9,False,False,buy this book!,"this is a beautiful book. french talks about energy, form, mechanism, and economy in natural and manmade things. he compares birds to planes in terms of fuelcapacity, energy conversion efficiency, drag, etc. he compares suspension bridges and dinosaurs. he provides examples of neat inventions and the thought that has gone into them every thing from steamcatapults to toy cars to grommets. this is quothow things workquot for the nonmoron crowd.",1995,6,24,Saturday
1995-06-24,US,53096571,R34N4QWDXX58WB,870210092,443000000.0,"Arming And Fitting Of English Ships Of War, 1600-1815",Books,4,12,13,False,False,good enough to understand all of pat obrien,"nice diags, lucid explanations of rigging, guns, hull, etc. a lot of the pics also appear in quotnelsons navyquot, so if you have that, dont bother.",1995,6,24,Saturday
1995-07-07,US,53096573,RPLV77JZXG575,047194128X,377000000.0,Object-Oriented Type Systems,Books,4,4,4,False,False,"good techniques, well written.","the best and possibly only book ive seen on the topic. i very much liked their approach of starting with a simplified language and adding the necessary features. the algorithms are useful, well presented, and their assumptions are laid out clearly.",1995,7,7,Friday
1995-07-18,US,53011769,R33HOJ2OWJIDQI,089145537X,837000000.0,The Collector'S Guide To Harker Pottery U.S.A.: Identification And Value Guide,Books,5,27,27,False,False,the definitive volume on harker pottery,"ok, im biased. my mother wrote this one. many of the pieces featured in the book are part of my collection. but its still the only book on harker pottery, americas oldest pottery. this book not only includes beautiful pictures of harkerware, but also includes a price guide and some history of the pottery industry of the ohio valley. harker is a contemporary of many currently collectible potteries such as hall and homer laughlin. while not as valuable currently as autumn leaf or fiestaware, harkers cameoware is becoming increasingly popular. harker is also the only manufacturer of ceramic serving forks and spoons as well as beautiful ceramic rolling pins",1995,7,18,Tuesday
1995-07-19,US,53096552,R3SM9591SGTMJ,517593483,114000000.0,Fingerprints Of The Gods: The Evidence Of Earth'S Lost Civilization,Books,5,0,1,False,False,this book will open your mind to the past. excellent!!,the author has a keen sense of how to unfold his entire theory over 500 pages so that you leave the book convinced of the strong possibility that it is true and want to read more about the subject of lost civilizations. i cant wait to read quotwhen the sky fellquot once its released by ruth annflems,1995,7,19,Wednesday
1995-07-19,US,53096582,R1U2RAML67OKWM,471114251,574000000.0,Bitter Winds: A Memoir Of My Years In China'S Gulag,Books,4,9,9,False,False,harry wu could have taught kafka a thing or two.,"quotbitter windsquot is at once fascinating and horrifying.i knew that china was and still is a scary placeto be on the wrong side of the government, but nothing can bring it home like a firsthand account. harry wu spent 19 years of his life in prison camps and forced labor camps all over china for crimes no more serious than speaking his mind too openly on a few occasions. he was forced to endure the most humiliating treatment imaginable under terrible conditions including near starvation during chinas famines, where the prisoners had it even worse than the normal citizens. if you worry about the thought police, read this book and it will put your worries in perspective though certainly not to rest. now that wu is again incarcerated in china, where he was trying to gather more information on the forced labor system currently in operation, this book is that much more timely.",1995,7,19,Wednesday
1995-07-22,US,52420369,RHI8FVKV1OR9Y,553263285,200000000.0,"A Darkness At Sethanon (The Riftwar Saga, Vol. 4)",Books,5,0,0,False,False,damningly compelling,"this is the culmination of a series of struggles and a series of intricate and fantastic relationships. ray understands the most important aspect of writing is not the cool tricks, wacky magic or neat monstersalthough there is all thatbut, rather, it is the characterization and interaction between characters which develops the story. bilfish",1995,7,22,Saturday
1995-07-22,US,53096510,R2OHZMLOPNMV7M,671671642,897000000.0,Growing A Business,Books,5,1,2,False,False,very good book one of the best in my library,i think this guy is really on to something here. wish more people would read him...i quote him in my web watch column at ...,1995,7,22,Saturday
1995-07-22,US,53078278,R3OBBCA1X51IMT,804819459,815000000.0,Tuttle Kanji Cards,Books,4,3,3,False,False,innovative and uptodate learning tool for japanese,"i had until now been using japanese flashcards that were full of words from another time. thats because they were made in another time, and i found that we do not use many such words in japan today.",1995,7,22,Saturday
1995-07-22,US,53096513,RJKD763RQMKLH,201539926,299000000.0,"C++ Programming Language, The",Books,5,2,3,False,False,a must for all who program or wish to program in c,this book has everything. the examples are very usable and the explanations are clear. all you could expect from the guy who invented the language.,1995,7,22,Saturday
1995-07-23,US,53094170,R2YS7NYUYEWWN0,837175089,711379523.0,Grey Eminence.,Books,5,26,29,False,False,crucial study of problems between politics and religion,this is a brilliant investigation of the dangerous relations when we mix politics and religion. this book is almost banned in latin american countryes. the reason we still suffer from this problem. please forgive my poor spelling and writing in english.,1995,7,23,Sunday
1995-07-23,US,53095947,R2WN0N4818YB6J,088494770X,963009818.0,Pillar Of Light: A Historical Novel (Work And The Glory),Books,5,8,8,False,False,"once you start reading, its hard to put down. wow!","it is an excellent book for reading to understand the history of the families that lived during the 1815s through 1830s regarding the beginning of the church of jesus christ of latter day saints. it depicts a family who lives in the same area that joseph smith lived in. it puts truths, facts, in with some fictional characters to bring up a story that can be easily read. it helps the reader understand the plights of the people who were involved in the establishment of the restoration of the church of jesus christ. it is for anyone who wants to understand the history of the church, of joseph smith, of families who were associated with him, their experiences, their highlights, and sufferings. once the book has been read, the reader will have experiences happiness, sadness, surprise, understanding of the people facing moments of their time because of their choice of religion. this book is the first of 6 series written by gerald lund. members of the lds church will enjoy these books very much. nonmembers will enjoy the book because of its wellwritten content. you like the first book, you will want to read all the other books in the series.",1995,7,23,Sunday
1995-07-23,US,53096550,RSHRYLZF643MM,812532635,247851703.0,The Ships Of Earth (Homecoming Saga),Books,4,4,4,False,False,"if you liked the other two homecoming books, youll love it!","although it might not work as well as a standalone novel, this book continues the saga of the wetchik clan as they follow the oversoul through the desert to the place where humans first set foot on harmony 40 million years perviously. the series is quite strong and i enjoyed this book much more because i was already familiar with the characters from the previous two. cards writing focuses on character more than on the pure sciencefiction of his tales and it makes them quite readable. all in all another wellcrafted release from one of my favorite authors",1995,7,23,Sunday
1995-07-24,US,53096476,RDMTU5D4QUNDW,441552803,31661219.0,Robert Asprin'S Myth Series,Books,5,0,0,False,False,must get this or you die,"read my review of book 1 another fine myth. these books are awesome, but there are alot more than just these first four. funny and adventurous with a lot of colourful characters.",1995,7,24,Monday
1995-07-24,US,53096476,R16QU2W9UVUML4,441023622,385885559.0,"Another Fine Myth (Myth, Book 1)",Books,4,0,0,False,False,first book to the incredible myth series.funny amp adventurous,"skeeve, apprentice to garkin the magician, teams up with the demon aahz. other creatures that join them are a war unicorn, a young dragon, and a green haired beauty. together they must bring down a powerful mage who is bent on destroying everything in sight.",1995,7,24,Monday
1995-07-24,US,53096358,R12Q0WB95GUCTI,394757688,849452523.0,The Long Goodbye,Books,5,0,0,False,False,this book is fabulous. la vintage crime at its best.,"this was the first chandler book thati read, and i loved it. i am now plowingthrough his other books and recommend this one to anyone who likes quotvintage or pulp crimequot",1995,7,24,Monday
1995-07-24,US,53096478,RDHPLRRA3LSHY,1878862006,905081141.0,Power Of The Periodic Table: The Secret Of Change In The Universe The Chemical Reaction,Books,5,8,10,False,False,excellent text for basic chemistry and advanced cognition,"as a former student of the author, i can truly say that mr. timmreck has compiled a truly wonderful work in this book. he has successfully captured the essence of his classroom lectures, making learning the science of chemistry not only significantly easier, but very enjoyable. if you dont think well this book can help",1995,7,24,Monday
1995-07-24,US,53096477,R1DFZYRMR065F7,440500702,976631306.0,Schrodinger'S Cat Trilogy,Books,4,0,1,False,False,if you liked illuminatus!...,"if you enjoyed the illuminatus! trilogy, youll love this one. set after the end of the events in illuminatus mostly it contains many of the characters youve grown to know and love from that book sometimes and many new characters maybe plus some that were only hinted at in the illuminatus! trilogy perhaps. oh, and it also deals with the quantum uncertainty principle and almost parallel dimensions. this has been the only book that i have ever started over on immediately after finishing it.",1995,7,24,Monday
1995-07-25,US,52948753,R319BP0SZFUGCZ,679736301,353322797.0,Spider,Books,4,4,5,False,False,"creamy, rich gothic horror","i used to think clive barker was the best. i was wrong, patrick mcgrath is the best. his richest novel, it once again has the untrustworthy narrator. its like a trip through the imagination of an insane man, you vever know whats real or imagined.",1995,7,25,Tuesday
1995-07-25,US,52948753,RPCSKDRGZO4UA,679751203,118994081.0,Vamps & Tramps: New Essays,Books,4,4,8,False,False,"fun, irreverent ramblings by that woman",i enjoy paglia. this disqualifies me as an intellecutal which is fine. what a lot of people dont quite get is that this is suppossed to be funny and irreverent. she writes very well and she grabs your attention and too bad to all her quotenemiesquot who dont have her charm. thats life. its not like people will be reading naomi wolf in the next century.,1995,7,25,Tuesday
1995-07-25,US,52948753,R21APAJE22JU6A,067974438X,415705723.0,"Tastes Of Paradise: A Social History Of Spices, Stimulants, And Intoxicants",Books,5,6,9,False,False,simple and lucid view of stimulants throughout history,"this book is so easy to read that you might not believe its written by a serious german sociologist. especially given our current coffee craze, its fascinating to see when different stimulants coffee, tea, chocolate, etc. came into popularity in history. for example, before the 17th century, all they drank in england was coffee. then strangely, they totally switched to tea and there doesnt appear to be any logical explanation. but, to sum up, this is actually a fun sociology book.",1995,7,25,Tuesday
1995-07-25,US,52948753,RXQYXE0H8U8BM,679745688,904783689.0,Ripley'S Game,Books,5,14,14,False,False,the best ripley book,"although every ripley book is a great book except for maybe the boy who followed ripley home, this is the best. the usual twisted morality, plus a violent showdown with the mob. a thrilling testament to modern individuality. try not to take his side.",1995,7,25,Tuesday
1995-07-25,US,52948753,RGMXBO83MNUM,679412840,47673745.0,Robert Louis Stevenson:: A Biography,Books,5,9,9,False,False,"outstanding, moving biography","incredible, exciting, poignant biography of an underrated writer and wonderful man. although mclynn is obviously a fan, it never becomes hagiography. this will have you reading treasue island again and wanting to travel to scotland and samoa.",1995,7,25,Tuesday
1995-07-25,US,52948753,R2O0GRQ9S3XCLE,691033730,623917107.0,The Empire Of Fashion,Books,5,12,14,False,False,excellent amp noncondescending look at the rise of fashion,"unlike the stuffy american academics who turn their nose up at the world of fashion, lipovetsky realizes the importance of fashion not just as a result of liberalism andor capitalism but as a contributor to these structures. lipovetsky basically argues that modern fashion contributes to democratization by allowing individuals more choices and also by obscuring social classes does bill gates dress signify his social or financial superiority in any way?. he also gives a pretty concise and coherent history of fashion which helps us understand where we stand today. on top of all that, its well written. i dont know whether to thank him or porter for that. all and all, an outstanding and entertaining rejection of the tedious, reductive marxist explanations of fashion.",1995,7,25,Tuesday
1995-07-26,US,53038916,R2E06DLRMHNEJR,60171162,378426804.0,Sisters And Lovers,Books,5,0,0,False,False,i laughed out loud!!,"this book held my attention for the entire 48 hours it took me to get through it all and i finished wanting more. i wanted to know what would happen next to the wonderful people in the story who seemed so much like many of my friends. i didnt want it to end. at various points throughout my reading, i could not believe i was laughing out loud at a book! i cant wait until briscoes next one",1995,7,26,Wednesday
1995-08-03,US,53095838,R3NFKYWS8W07V3,380715570,840982049.0,Last Call,Books,5,8,11,False,False,another weird and wonderful story.,"quotlast callquot tells the story of a professional poker player who lost more than usual while playing a game with tarot cards on lake powell. what he lost and how he might get it back are the major questions he must answer before next game is held. quotlast callquot is another of powers wonderful novels which blend interesting bits of history with wonderful fantasy. if you enjoy quotlast callquot, be sure to read quotthe stress of her regardquot and any other powers book you can find. i havent read a bad one yet. btw if you like tim powers fiction, you might want to try something by james p. blaylock. in particular, quotthe digging levithanquot, quothomunculusquot, or quotthe last coinquot, all of which are great stories.",1995,8,3,Thursday
1995-08-03,US,53095838,R1JWDL4NYO6Y3R,441790976,135813149.0,The Stress Of Her Regard,Books,5,5,5,False,False,tim powers at his best!,"quotthe stress of her regardquot is simply tim powers finest work. as in other powers books, this one takes several historical figures byron, shelley, keets, and others, an vivid description of the setting in time and place, a bit of historical detail, and some wonderful fantasy and blends them together in an unforgetable book. quotthe stress of her regardquot tells the story of byron, shelley, an heroic obgyn, the terrible muse who quotgivesquot them their poetry, and their attempts sometimes halfhearted to be free of her. another wonderful powers novel is quotlast callquot which is set in modern day california and nevada and tells the story of buggsie seagal, poker, tarot cards, las vegas, and how they all relate to the fisher king. if you like well thought out novels which draw a huge number of often strange bits of fact and fantasy together the novels of tim powers will be sure delight you.",1995,8,3,Thursday
1995-08-04,US,53096381,RTLQO8CLKGUVN,812922417,99767536.0,The 99 Critical Shots In Pool: Everything You Need To Know To Learn And Master The Game (Other),Books,5,4,4,False,False,an informative primer for the sport of billiards,"in quotthe 99 critical shots in pool,quot ray martin takes the beginning player through the fundamentals of pool. he proceeds in a very organized and stepwise fashion. the shots that he teachs are fun to learn, fun to watch, and useful in pool games. if the average beginning to intermediate player practiced most of the shots in this book, they could easily become experts at the game of pool.",1995,8,4,Friday
1995-08-07,US,53096398,R61VUUBXYT6EL,042510107X,34724671.0,Red Storm Rising,Books,5,0,1,False,False,the single best modern war story ever written.,"red storm rising is the best modern war story ever written. it is suspenseful, believable, allencompassing, and exciting. read it now.",1995,8,7,Monday
1995-08-08,US,53096545,R3EZU433M3PUQR,786000716,629957914.0,For The Love Of You (Arabesque),Books,5,1,1,False,False,this is a perfect 10!!,my top recommendationa 10. this is a great book. funny and fastpaced! romantic fantasies should be based on this book. buy it!!,1995,8,8,Tuesday
1995-08-09,US,53096585,R2NHLPV435E2KS,679763996,458475501.0,"The Moral Animal: Why We Are, The Way We Are: The New Science Of Evolutionary Psychology",Books,4,1,1,False,False,how evolution shapes our emotional and moral lives.,"wright summarizes current research on primate evolution from a novel perspective he interprets how we feel in evolutionary terms especially moral feelings such as guilt, righteous anger, etc. his conclusions are sensible but not profound. the most important message of the book is simply the quotcopernicanquot shift that places evolutionary game theory, rather than our inherited primate emotions, at the center of our moral universe",1995,8,9,Wednesday
1995-08-09,US,53052813,R2VRNK6WSQQA5O,881790338,362312407.0,The Elements Of Typographic Style,Books,5,0,1,False,False,very good book.,pleasent to view and read.highly recommended.,1995,8,9,Wednesday
1995-08-09,US,53096585,R26JQ0PMF2D7QV,465021212,354462139.0,The Evolution Of Cooperation,Books,5,2,5,False,False,the book on reciprocal altruism the best news in years,"this is one of the most important books in social, evolutionary, and moral theory. it is also a powerful message of hope. axelrod shows that cooperation, rather than backstabbing or predation, can quotwinquot the evolutionary struggle. this work has inspired a whole new field of research, and it is also a great read",1995,8,9,Wednesday
1995-08-12,US,53096388,RDASCGBRSYG17,553565443,699852280.0,Kingdoms Of The Wall,Books,5,1,3,False,False,"great story about courage,love,and adventure","great story about courage,love,and adventur",1995,8,12,Saturday
1995-08-13,US,53096384,R63J84G1LOX6R,1563890119,763187671.0,The Sandman Vol. 1: Preludes And Nocturnes,Books,4,0,1,False,False,ignore the review below,this is the first 8 issues of the series. it is the starting point of all this... it also contains the sound of her wings. issue 8. which is the first appearance of death. and many peoples favorite issue. its not the best of the collected works. but its the start of them.,1995,8,13,Sunday
1995-08-13,US,53096384,R26AT6ZRQAO3NR,1563891336,45969474.0,Death: The High Cost Of Living,Books,5,1,2,False,False,tori!!!,"ok. first things first, tori amos writes the introdution. if there are any tori fans that dont have this. they need it. second, as with all of neils collected works, dave mckean designs the whole thing. third, its the ultimate trendy neil gaiman book.... which is, i suppose, a good thing. but its worth the money. i personaly would search a little harder, and find a specialty shop to find the hardcover. but the softcover is worth owning also... especialy for the sparkly writting. ",1995,8,13,Sunday
1995-08-15,US,53096375,R393CYFBTQSCNB,441813046,956476521.0,Titan (Gaea),Books,5,0,0,False,False,"now a classic, the 1st largescale genetic engineering novel",and dont miss the sequels wizard and demon,1995,8,15,Tuesday
1995-08-17,US,53096399,R1BALOA11Z06MT,1559947608,381720534.0,The 22 Immutable Laws Of Marketing,Books,4,0,0,False,False,awesome,"ive always been partial to immutable laws. the tape is entertaining, good car listening. the laws are clearly self evident once youve heard them and you wonder why you didnt know all that already and were about to go off and do something stupid. its cheap, get it.",1995,8,17,Thursday
1995-08-18,US,53096359,R2JSQ5DKUV1BI8,1880494000,96491013.0,Amber Diceless Role-Playing: Diceless Role-Playing System,Books,5,1,1,False,False,imho the best role playing game ever,"if you have ever dreamt of becoming one of roger zelaznys amber prince, then buy this call some of your friends and have fun. this is, i think, the first diceless rpsystem and i can tell you that it really works... by the way, if you want to get opinions from people using the game subscribe to the amber mailing list a high bandwith mailing list dedicated to the amber diceless roleplaying and roger zelaznys amber send an email message to majordomologrus.org with in the message body subscribe amber ltyour email gt its way too bad roger zelazny died on 14 june 1995... ",1995,8,18,Friday
1995-08-25,US,53096435,R3AR6H2JHEEDZ6,071463347X,826420421.0,Soviet Military Deception In The Second World War (Soviet (Russian) Military Theory And Practice),Books,5,16,17,False,False,study on the deception aspect of every major ostfront battle,"the book describes soviet deception methods and results for every major battle 4145. in every case,detailed down to division maps showing reality and german assessments are provided. it is invaluable for reference and it gives very interesting insights on german defeats.",1995,8,25,Friday
1995-08-29,US,50926006,R1DZ6KX3SWKFK2,830642315,760695197.0,Build Your Own Electric Vehicle,Books,5,45,47,False,False,a comprehensive guide to the components and systems of evs,"this 310 page book is more than its title implies. it is an excellent source of information, even if one is just interested in learning more about the subject of electric vehicles. mr brants credentials include a degree in engineering, and having worked on the lunar rover. he begins his book by exploring the appropriateness of the electric vehicle from an environmental standpoint. he then quickly reviews the history of the ev, from the mid 1800s to the present. he does a good job of surveying the current as of late 1993 crop of electic vehicle producers, as well as the plans of the major auto makers for electrics. brant devots a chapter to the options available to the person who wants to own an electric vehicle today buy a ready to run car from a manufacturer or converter, have one built or converted for you, or do the conversion yourself. one option that he seems to largely discount is the option of buying a used ev. although such vehicles can be somewhat hard to find, especially away from large cities on the coasts, they can put a person into an ev for much less money and work than any other alternative. as you might expect from the books title brant favors the selfconversion option. he compares the various types of motor vehicles as conversion options passenger cars, vans, and small pickup trucks. his conclusion, that a small pickup truck might be the easiest to convert, while giving the best range, seems a valid one, as long as a small pickup meets your needs, and suits your style. chapter 5 is an excellent reference listing suppliers, ev clubs, and various converters and manufacturers. with chapter 6 brant begins the real meat of the book. he presents formulae and charts that allow you predict the performance of the vehicle you choose for conversion, and pick the size of motor and batteries that you will need. the next chapters are devoted to each of the unique systems of an evin some detail electric motors, controllers, batteries, and chargers. to this reviewer, these chapters are the most valuable, and make this book useful to anyone with an interest in electric vehicles. the current state of the art is reviewed for each of these systems in some detail and with an eye toward practical maintanence and selection, and upcoming technology is also covered. surprisingly, only one chapter of the book covers the actual conversion process. although there is probably enough detail here for the experienced home mechanic or mechanically inclined individual, someone who has never pulled an engine out of a car, or done other major repairs on his own, will probably need more help especially if his conversion is not of a small pickup truck. allinall there is a lot of good information in this book, and it is a vital addition to the library of any wouldbe electric vehicle converter, owner or pipe dreamer..",1995,8,29,Tuesday
1995-08-30,US,53096317,R1L8P5AWJA4MX9,156149729,98269888.0,Byrne'S Standard Book Of Pool And Billards,Books,5,1,1,False,False,outstanding mixture of good advice and enjoyable lore.,"byrne presents a great tutorial for serious pool players, covering american pool and billiards. he discusses basics stance, bridge, grip, techniques everything from straight shots to masse, exercises, and rules while interspersing his lessons with anecdotes, histories, and a good sense of humor. not only a practical and extremely helpful tutorial, the standard book is also a great read. it is far and away the best pool book ive read. buy it if you play pool with any heart.",1995,8,30,Wednesday
1995-08-30,US,53096332,R1LLAY5W5PZUS4,671701800,860650224.0,Contact,Books,5,1,2,False,False,read the book. its good.,"this is a book about first contact with aliens, written by a prominent member of seti, the search for extraterrestrial intelligence. sagan makes excellent use of setis current search methods as well as his own knowledge of astronomy and physics to bring a sense of reality to the book. but above its literacy, philosophy, and speculation, it is an entertaining story that is not overshadowed by gadgetry.",1995,8,30,Wednesday
1995-08-31,US,53096377,R83ZJYM0CHUP0,385479565,905671096.0,The Hot Zone: The Terrifying True Story Of The Origins Of The Ebola Virus,Books,5,0,0,False,False,"reads like a great thriller unbelievably, its all true!","a very thorough a well written account of a shocking story.this book has it all, characters, suspense, and unbelievably, its all true. after reading this, one realizes how precarious our existence is.",1995,8,31,Thursday
1995-09-01,US,53095863,R2EKPHOKDFKNUY,345340388,58437581.0,The Third Eye,Books,5,2,4,False,False,incredible story of a tibetan monks life,this autobiography is an enthralling and comical look at life in tibet before china invaded it. explore the mysteries of the occult in this book.. the third eye was originally published in 1956!!,1995,9,1,Friday
1995-09-03,US,53096301,RDK02WCOBVNYM,689716206,976117390.0,Borgel,Books,5,1,1,False,False,"another zany adventure spun by the master, daniel pinkwater.","no words can describe this book. except these when melvins famed uncle borgel moves in, theres not much he, or his family, can do about it. but one night, after receiving a secret message from borgel, melvin is taken on a wild and zany outer space quest to find the mystical,mythical, and allpowerful great poposicle. not just for kids also for kids at heart.",1995,9,3,Sunday
1995-09-04,US,52307988,R117GB0UNIVGV9,312113706,385285974.0,The Official Harvard Student Agencies Bartending Course,Books,5,33,33,False,False,"simple, elegant, practical","this books gives the basics of bartending covering many aspects from ustensils to effects of alcohol. it is designed to let you be an efficient bartender as opposed to making up a drink with 3 random ingredients. hence no list of 10,000 cocktails just the ones you must know plus a few fun ones. despite this nononsense approach, the tone is humorous and makes this guide fun reading.",1995,9,4,Monday
1995-09-07,US,53096310,R2OTTPXZG93NSH,671510053,357229344.0,The Shipping News,Books,5,0,1,False,False,excellent story downtoearth and also spiritual.,"the author tells an interesting story with realistic characters without resorting to stereotypes. you learn a lot about newfoundland and the people who live there but the facts are woven into the story so you dont get the feeling of an encyclopedia article. i am a john candy fan, and i only wish the book could be made into a movie staring him as the main character, as i continually visualized john in that role as i read the book. too late, i know. i would be very curious to know the authors reaction to this!",1995,9,7,Thursday
1995-09-09,US,53096269,R3BZLVW82BB26O,067942573X,177964798.0,Taltos: Lives Of The Mayfair Witches,Books,5,2,2,False,False,incredible,anne rices taltos is the best of the mayfair witch series.old friends are back with new additions in one of the mostcomplex stories rice has ever written. a must read for die hard anne rice fans!,1995,9,9,Saturday
1995-09-09,US,53084640,R1WXQHJ53DLLEU,1560548908,253802911.0,Angel Maker,Books,5,1,2,False,False,great concept,"this book compares favorably to cooks quotcoma.quot its a great concept, wonderfully developed by pearson.",1995,9,9,Saturday
1995-09-09,US,53084640,R237ER6BS4JGVG,140143459,488185202.0,Liar'S Poker: Rising Through The Wreckage On Wall Street,Books,5,1,1,False,False,a poignant memoir,"after reading liars poker, youll feel as i do that you have lived through the 80s on wall street with lewis.",1995,9,9,Saturday
1995-09-11,US,53096423,RS28YY9H2LI6E,312857055,361278280.0,"Wizard'S First Rule (Sword Of Truth, Book 1)",Books,5,2,4,False,False,good story line and fastpaced action for such a large book.,"the goodness of the hero richard is a little unbelievable, but the characters are very strong and the story line is excellent ... it really is! i will be buying the hardback edition for my personnal library and i look forward to more by this author.",1995,9,11,Monday
1995-09-11,US,53096335,R3R9VTJ82FXECQ,425132153,624269601.0,Good Omens,Books,5,0,0,False,False,funniest book ever written about the antichrist,"this is quite possibly the funniest book i have ever read. terry pratchett is an absolute genius read the discworld booksnow!, and gaiman manages to give the book the appropriate dark touches. brilliant",1995,9,11,Monday
1995-09-12,US,53096258,R2P5IZBKDX871J,380710218,602429584.0,Post-Mortem,Books,5,0,0,False,False,if you love murder mystery suspense you wont put it down,"ive read all her books,wonderful plots, great female maincharacter. start with the first and read them in order. you wont wantto put them down.",1995,9,12,Tuesday
1995-09-12,US,53006199,RW7FOWL0BCB6Z,875421229,9481435.0,Cunningham'S Encyclopedia Of Magical Herbs (Llewellyn'S Sourcebook Series) (Cunningham'S Encyclopedia Series),Books,5,3,3,False,False,an extremely needed book if you are into herbalism.,"this is undeniably one of the greatest books on herbalism. for important if you own the other book quotthe complete book of incense, oils and brewsquot they really compliment each other. not only is this book filled with useful information on herbs, but it also contains illustrations, herbal lore, tables of correspondance for herbs and essential oils and uses of many herbs. if you want to be a good herbalist you need this book.",1995,9,12,Tuesday
1995-09-12,US,53096413,R2KN51QNK0V6UF,685350533,513564713.0,Balance And Swing: A Collection Of Fifty Five Squares Contras And Triplets In The New England Tradition With Music For Each Dance,Books,4,1,1,False,False,a classic.,"ted sannella has put together a useful and accessible book. the material is somewhat dated, but it still contains material that should be in every new england traditional dance callers collection.",1995,9,12,Tuesday
1995-09-12,US,53096171,R344ZKZVHECQAB,670846384,963776027.0,Chloe Plus Olivia: An Anthology Of Lesbian And Bisexual Literature From The 17Th Century To The Present,Books,5,3,3,False,False,a wonderful anthology of lesbian poetry and literature.,lillian faderman has done an impressive job of collecting poetic and literary works on lesbian topics and presenting them in the context of the authors lives and the literary climate of they time they were published. this is an invaluable reference for anyone interested in lesbian or womens writings. a must have!,1995,9,12,Tuesday
1995-09-14,US,53072252,R2GS317RLZIM6Q,393310353,323732312.0,"Thinking Strategically: The Competitive Edge In Business, Politics, And Everyday Life (Norton Paperback)",Books,4,2,3,False,False,a concise and readable popularisation of game theory.,"the authors write with clarity in a field which they have both academic and practical experience. if you are interested at all in game theory and you should be, then this is a great introduction. note some mathematical thinking is involved.",1995,9,14,Thursday
1995-09-21,US,53096306,R26IQ9QPNMP1M6,440220602,233513923.0,The Chamber,Books,5,1,1,False,False,"excellent, gripping reading.","this story is more about the lawyer representing the deathrow inmate than it is the inmate.... i didnt think it would be a good candidate for a movie, but perhaps they are about to prove me wrong movie is forthcoming. an excellent read.",1995,9,21,Thursday
1995-09-22,US,53096222,R39G8DNP2NHZLU,446400068,947253832.0,Drowned Hopes,Books,5,0,2,False,False,one of his best,"drowned hopes is one of the funniest followthroughs on one of the better westlake premises. the treasure that was buried by the mobster before he went to jail is underneath what is now a reservoir. that presents challenges, but dortmunder and his gang are at least as challenged by being in proximity to a real criminal, who is a lot meaner than they are. id put this with the best of westlakes books, and im one of his biggest fans",1995,9,22,Friday
1995-09-22,US,53096282,R2PXCLE4APVQG,713724935,512738510.0,Ufo Retrievals: The Recovery Of Alien Spacecraft,Books,5,14,14,False,False,this is one of the most levelheaded books of the genre.,"jenny randles is a thoughtful and sceptical researcher who writes in a lucid and readable style. in a field fraught with absolute rubbish, nonesense, and outandout fabrications, ms. randles is a breath of fresh air. her writing is wellresearched and factual, but is openminded. in short, she writes in a scientific style that is an excellent read. this book is a series of casehistories of 32 socalled alien spacecraft retrievals. as ms. randles clearly points out, many of them were hoaxes, or are almost certainly so. the residual ones, especially the roswell and rendlesham forest cases, which are now famous, provide an intriguing and compelling web of corroborated accounts that are difficult to dismiss, as both governments involved have repeatedly tried to do. in the latter case, dogged persistence by ms. randles and her colleagues in england, as well as collaborative freedom of information act inquiries in the us, have unearthed a fascinating and even startling series of events that point to, near unequivocably, the occurrence of some very non normal, extraordinary happenings just outside a secret usaf base in england during the early 1980s. everything that the author presents is clearly documented from a variety of sources, and many are from official and unofficial government sources. as a working scientist, i would without question recommend this book to both scientific colleages as well as the lay audience. it will surprise and unsettle those readers who have been willing to write off ufo sightings as mere products of active imaginations. there is something real going on here, and jenny randles covers a very difficult subject with aplomb and a critical, but open, mindset.",1995,9,22,Friday
1995-09-25,US,53096242,R1QWDW68081BCY,553471880,87075246.0,The Face On The Milk Carton,Books,5,0,0,False,False,a verry good listen....,an outstanding book. if you dont have the time to read the book this cassette set is just as good. miss jodi benson the voice of the little mermaid reads the story of a grild who find out she was kidnapped 12 years before. do not let the fact that this is a book for young adults through you off. halfway though it i forgot altoghter. it is that good..,1995,9,25,Monday
1995-09-25,US,53096207,R26AAJBFV1X5EW,848808258,900945877.0,Arrowsmith (Modern Classic),Books,4,0,1,False,False,"pulitzer or not, this is a prized favorite.","while reading some older pulitzer winners, i found a copy of quotarrowsmithquot and decided to plunge in. this is a deliteful story about an ambitious young doctor in the 1920s, and his struggle to find a quotworthyquot use of his medical skills. a thinly veiled contempt for commercialized medicine runs throughout the story, but never gets too quotpreachyquot. a very good choice for any med student or young doctor, or anyone at all",1995,9,25,Monday
1995-09-27,US,52659746,R3U5QZLWTZ9RGM,940087421,984084968.0,Book Of Fax: An Impartial Guide To Buying And Using Facsimile Machines,Books,5,0,0,False,False,a must have reference for any fax buyer or user.,this is without question my favorite book,1995,9,27,Wednesday
1995-09-27,US,52589298,R23Z5MIRBQI1FX,096309212X,945876871.0,Radical Honesty (How To Transform Your Life By Telling The Truth),Books,5,3,4,False,False,relationship skills for the 90s,some readers may have difficulty getting past the authors forthright language. but its worth it. this book produced metanoia in my life. not to be missed,1995,9,27,Wednesday
1995-09-27,US,52589298,R3JFMU69JUNMTO,034539061X,597643613.0,Negotiating Love,Books,5,4,4,False,False,how to stay together,the annotated resource list alone is worth the price of this book. put an end to warring with the other gender this book is chock full of practical tips on resolving relationship issues. and its much cheaper than divorce. go for it,1995,9,27,Wednesday
1995-09-29,US,53094816,RT94SPZ5CHLK6,133627659,320981057.0,Criminal Justice Today: With Keys To Success,Books,5,6,7,False,False,excellent intro to criminal justice textbook!,"this book is used as the textbook for indiana university bloomingtons intro to criminal justice class p100. as a freshman taking this course, i find the book extremely interesting and easy to read. i would highly recommend that instructors for criminal justice look at this book for an introductory course.",1995,9,29,Friday
1995-09-29,US,53096409,R2OD2TECAR3RM,865474567,896636290.0,Riprap And Cold Mountain Poems,Books,5,19,20,False,False,luminous early poetry and translations by poet snyder,"riprap lets us see the world with snyders vision back in the days when kerouac was writing about him in the dharma bums. the clarity, straightforward diction, and simple lyricism that have continued to characterize his poetry are all here in these early poems from the fifties. astounding visual quality. life in the mountains, in japan, on the high seas. cold mountain poems are translations of han shan, chinese zen poet. han shan stands with john of the cross in his ability to illuminate the spiritual path through lyric imagery. snyders crystalline translations reveal han shan to us face to face, today, not some old exotic hermit but a vital presence.",1995,9,29,Friday
1995-09-30,US,53096149,R3MXEH9LLBA24B,449222187,170161909.0,Had We Never Loved (A Regency Romance),Books,5,3,3,False,False,a welltold tale of love between a gypsy lass and a lord.,patricia veryan consistently turns out exciting storiesand this is one of her best. she finally tells us thestory of horatio glendenning first introduced in the golden chronicles to the delight of her many fans who have been anxiously awaiting his tale. this is one of her most romantic and heartwrenching stories. the final volumes of tales of the jewelled men can hardly come quickly enough for her many fans.,1995,9,30,Saturday
1995-09-30,US,53096149,RAUQDCAXGV2OI,727843397,293040736.0,Poor Splendid Wings,Books,4,10,10,False,False,a charming tale of wartime england.,"while not quite as good as patricia veryans historicalnovels, this tale of romance in wartime england is charming.michael owens is a suitably dashing hero and victoria craig bell is a highly romantic heroine. veryan applies the usual romantic devices with panache, including a parallel subplot between the heroines sister and the heros best friend. the story had an authentic aura of war, and was well researched.",1995,9,30,Saturday
1995-09-30,US,53096149,R3LU4X54RG2EOX,449222802,618027596.0,Ask Me No Questions,Books,5,1,1,False,False,the best installment of tales of the jewelled men to date.,"this continuation of the tales of the jewelled men series gives us the story of gordon chandler, whose brothers story opened the golden chronicles, her previous series about georgian england. the web woven by the nefarious league of jewelled men seems truly inescapable in this installment, and veryan keeps the reader guessing until the final pages. the love story is told very gracefully, with charming flourishes and the added interest of a set of twins. highly recommended.",1995,9,30,Saturday
1995-10-03,US,53096168,R1KN09VOZUM0EC,441490557,457145780.0,Lord Kalvan Of Otherwhen,Books,5,5,7,False,False,pipers paratime sf series starts with this classic,"originally appearing as a short entitled quotgunpowder godquot in the november 1964 analog, this story is one of the first quotguy in modern times suddenly appears in medieval lifequot storiesand it isnt hackneyed or horrible about it. our hero here is a pennsylvania state trooper, the world has no magic powers, and its at a real and breakneck pace. its good stuff, and im happy to see it exists in all its benevolent obscurity. pipers quotparatimequot series involved what would happen if one world got wind of the existence of all the other parallel universes, and had cops policing them",1995,10,3,Tuesday
1995-10-03,US,53096168,R1TTPLRROKBSMV,899683282,339858237.0,The Stars My Destination,Books,5,1,1,False,False,truly great story of obsession and awakeningsf classic!,"now this book is so good that many writers and readers about a decade ago proclaimed this the best sf novel ever, quite the hyperbolic praise and rather well earned. bester was an ad man in the 50s who let his personal demons out by writing a little sf. this book has been redone into a graphic novel quite recently about 1991. the stars my destination is about a man who, after being shipwrecked and abandoned, awakens to become an elemental of rage and anger. its got the golden age tone to the novel, and the typefaces and scenes that were so different then are a little more common now. its a novellong chase scene, essentially. hey, you have the bucks somewhere. sell plasma or something, but get a hold of this thing! another cool novel of his is the demolished man, which is a science fiction novel and a whodunit, posing the question quothow does a murder get committed if everyones a telepathquot? another great obsessionthemed book.",1995,10,3,Tuesday
1995-10-05,US,51078325,R1T1FU8DI97I8,679735771,92932803.0,American Psycho,Books,5,0,0,False,False,bizarre brilliance...a masterpiece!,"also known as quotbernardos biblequot, this masterpiece of modern macabre is one of the best written accounts of the mind of a modernday serial killer. terrifying in its implications, allegorically it produces a sick political statement all too true in todays world. eastons finest work to date, american psycho will keep you awake, long into the night.",1995,10,5,Thursday
1995-10-06,US,53095150,R2HTSF3BSU3VVI,679408754,53542027.0,Sacred Horses:: Memoirs Of A Turkmen Cowboy,Books,5,10,11,False,False,fascinating story of exotic horses and people.,"maslow travelled to turkestan one of the newly independent russian central asian states northeast of iran on a search for the fabled akhalteke horse, perhaps the progenitor of all modern horses from the byerley turk to mr. ed. his adventures in this rather unique locale range from hilarious to incredible. runins with kgb agents who have nothing better to do, fixing the unsanitary sink in his hosts home a doctor, no less!, and taking the night train across the forbidding kyzl kum desert are just some of the fascinating adventures. if you like travel writing, horses, adventure, or just love a good book, this is one you owe it to yourself to check out.",1995,10,6,Friday
1995-10-10,US,53096404,R1W7JC3YSMAGW7,067973905X,25770343.0,"Doctor Faustus: The Life Of The German Composer Adrian Leverkuhn, As Told By A Friend",Books,5,10,10,False,False,one of the greatest books ever written.,"a story about a fictious german composer who had signed a contract with the devil to grant him 24 years of musicmaking of extreme genius. in return... well, read for your self. thomas mann excels himself in describing human nature, the world aroung a human being and his verbal descriptions of both real and fictious classical music pieces makes one wonder whether a human mind wrote these masterpieces of description... the book is not so great for the story as for how the story is told. of course, the plot is very interesting, but as usual in great works of art, it is not the what that is important but the how. easily comparably to quotcrime and punishmentquot...",1995,10,10,Tuesday
1995-10-11,US,53088511,R1FBUPP1TIXXYD,038547525X,766193328.0,The Great Game Of Business: Unlocking The Power And Profitability Of Open-Book Management,Books,5,3,4,False,False,the best business book i have ever read,"great game of business zeros in on productivity in the usa. employees are dynamic, creative and in the thick of the action...great game shows how to capitalize on that, how to get everyone focused on the same target, and above all... how to communicate within the company. few businesses know where to start. great game says start with the most fundamental tool of a business, the financial statements. as a cpa, i love what jack stack has to say in this book.",1995,10,11,Wednesday
1995-10-12,US,53094804,R2ILMUP4FNTFUG,262580896,138816827.0,The Lost Meaning Of Classical Architecture: Speculations On Ornament From Vitruvius To Venturi,Books,5,5,5,False,False,extroadinary,"a marvelous marriage of language and the language of architecture. finally, someone has had the courage and talent to take this thing back to the bloody beginning. i have read it a couple of times, and given it to about 6 friends.",1995,10,12,Thursday
1995-10-12,US,52643405,RX0RNCQ5XX279,664245552,276960329.0,Reading The Old Testament: Method In Biblical Study,Books,5,18,22,False,False,an excellent introduction to biblical interpretation.,"bartons book would serve as a fine introduction to any student interested in practical application of source, form, redaction, or structuralist criticism to the bible. bartons prose is lucid, his examples extraordinary. his discussion of structuralism is the clearest demonstration that i have read. the book suffers from two flaws. first, bartons book was written prior to the time when deconstruction became a trendy approach to scripture. thus, students should be aware the structuralism has transformed into another approach more suited for the nihilistic climate of our age. second, for those of us who believe that god is speaking to us through his word, barton leaves little hope. he concludes that future study should focus on the act of reading rather than the mimetic relationship between text and man. while perhaps an intriguing scholarly study, it does little for those of us seeking to know god more fully.",1995,10,12,Thursday
1995-10-14,US,53096531,R2RP47P8NV0V9D,1563891867,446371423.0,The Big Book Of Conspiracies (Factoid Books),Books,4,2,2,False,False,have you looked over your shoulder lately?,"the latest in quotthe big book ofquot series is a brief but comprehensive overview of the big conspiracies from jfkmlkrfk to ufos to to more the more modern whitewater and casolaro cases. are they all related? you be the judge. even as a conspiracy layperson, i could see the stories stretch the facts a bit to make a point or is that what the illuminati want me to think? the number of people murderedsuicided in this book is enough to make one think twice about nosing around. makes you think if someone may be monitoring your trail around the net. the graphics are great, the web tangled, and now i find myself keywording cia and ufo on amazon.",1995,10,14,Saturday
1995-10-14,US,53094199,R1KHLBFGZA7XX,345331044,365079858.0,The Riddlemaster Of Hed,Books,5,1,2,False,False,"magical, both in content and quality of writing","truly an exceptional work in the genre of fantasy. with the simple turn of a phrase, ms. mckillip can play your emotions like a harp. very few works of fiction, much less fantasy are written this well, with this depth of character and background. this is one of my favorite series. i hope you love it as much as i do.",1995,10,14,Saturday
1995-10-15,US,53096582,R3J35IE4LMNCOU,465001041,602218706.0,Ai,Books,3,1,1,False,False,an amusing history of this muchmaligned topic,"as this book demonstrates, you can learn a lot from what doesnt work. the history and politics of ai are as interesting as its successes and failures to date. theres not a lot of technical detail here, but the author does manage to weave the thread of a pretty good story through this history.",1995,10,15,Sunday
1995-10-15,US,53096582,R1PS7G19KSGM0M,812515285,646002347.0,A Fire Upon The Deep (Zones Of Thought),Books,3,1,2,False,False,"fun to read, but not vinges best work","compared to some other books of his, quota fire upon the deepquot is unfocussed and rambling. the postulated variance of physical law in different zones of the galaxy seemed too artificial to buy into, and though the various alien species are carefully constructed, i generally didnt find them terribly compelling, in comparison, say, to nivens puppeteers. one of the more ambitious extrapolations of the net that ive read, though.",1995,10,15,Sunday
1995-10-16,US,53096091,R20VPZ3L8TLXTT,316773867,935048241.0,Pediatric Telephone Advice: Guidelines For The Health Care Provided On Telephone Triage And Office Management Of Common Childhood Symptoms,Books,5,2,2,False,False,dr. schmitt is truly an expert in pediatric triage,another standard textbook at triage call centers across the country. dr schmitts expertise in the telephone assessment of pediatric patients is outstanding. have used these guidelines they are wonderful.,1995,10,16,Monday
1995-10-16,US,53096091,R3IBCEE3REG4PZ,827349912,623851419.0,"Telephone Triage: Theory, Practice, And Protocol Development",Books,5,10,10,False,False,excellent book on telephone triage. highly recommended.,this textbook has become a standard reference at triage call centers across the u.s. a must read for either the new triage nurse or an experienced one.,1995,10,16,Monday
1995-10-17,US,51747709,R1P5J3FNBWTFXY,517122707,161411385.0,A Confederacy Of Dunces,Books,5,0,0,False,False,a winner that didnt last. only a mothers love remained,"the story behind the book is almost better than the work. but make no mistake, the work will endure.",1995,10,17,Tuesday
1995-10-17,US,51747709,R3LS9CLPP1KRHX,553272934,454149734.0,Hunger Of Memory : The Education Of Richard Rodriguez,Books,5,0,4,False,False,"everyone with the surname rodriguez, should read this book.","i read this book and it changed my life. i meet the author at a party and did not like him. but, i still loved his writing and how his work spoke to me.",1995,10,17,Tuesday
1995-10-18,US,53087960,R14PFL0QEHSP3O,393309398,2286760.0,Out Of Canaan: Poems,Books,5,1,2,False,False,"honest, wellwritten modern poetry.","this is the first book of poetry by mary stewart who also teaches a poetry workshop in nyc that is attracting the best writers of contemporary poetry in the east. this collection is wellwritten, structurally clean, cogent, and, perhaps most of all, from the heart. it makes the reader wonder how one diminishes one life by not confronting ones pains and sorrows.",1995,10,18,Wednesday
1995-10-18,US,53096063,R869EPLN1934S,679419462,861735579.0,The Lost World,Books,1,0,2,False,False,a sickeningly pathetic rehash of jurassic park!,"it had some pretty good parts but for the most part if you read jurassic park you have read this. they have two young children a girl and a boy, a rugged female scientist who wont be stereotyped, a greedy old man who meets up with compys. then of course there is malcolm, who died in the first book in case anyone forgot. he also ends up exactly as he did in the first book albeit not dead!, a hole in his leg and babbling incoherently on morphine. now i know why crichton doesnt do sequels",1995,10,18,Wednesday
1995-10-18,US,53096393,R32B90DLSYAJ37,1568842406,512561751.0,Windows 95 For Dummies,Books,2,2,2,False,False,only the terminally computer illiterate should get this,"the vast majority of information found in this book is stuff that the semiknowledgable win3.1 user will be able to figure out on hisher own in just a few hours. good for folks who just bought a computer, preloaded with win95 but for anyone else, dont waste your money.",1995,10,18,Wednesday
1995-10-19,US,53068470,R3T9SE8I5E95SV,091488185X,396871483.0,Elegant Stitches: An Illustrated Stitch Guide & Source Book Of Inspiration,Books,5,33,33,False,False,bestselling silk ribbon embroidery book available.,"the most complete how to book on using silk ribbon for embroidery. written by world reknown author, teacher and lecturer judith baker montano. read it in french japanese or english. this book shows each stitch with a how to line drawing as well as a blow up of it within a piece of finished art work. judiths palette is one of a kind, her jewel toned floral designs are easy to duplicate with this timeless referance book. everything you need to get started working with wonderful silk ribbons that are now available at most sewing and craft stores. embellish a tuxedo jacket lapel, a pair of velvet flats, a matching pendent and more when you learn the how easy it is to do this wonderful handwork that began in the 1700s. full color photos. even a section for left handers. judith even shows how to create your own unique designs in a wonderful chapter at the end. what a find",1995,10,19,Thursday
1995-10-20,US,51872866,R158EHHL2USQOS,844665290,358452686.0,The Man Who Mistook His Wife For A Hat,Books,5,1,2,False,False,everything by oliver sacks is worth reading!,"fascinating inquiry into the workings of the brain and mind. well written, easy for the layman to understand.",1995,10,20,Friday
1995-10-21,US,53095950,R36MVEDC7S4CEO,811208478,148567452.0,Journey To The End Of The Night (English And French Edition),Books,5,1,2,False,False,lightnings of style in the night of experience,"celine once said he wrote to make other writers unreadable. while this may strikes as a strange project, i would agree, with many others, that it was largely fulfilled. throughout his life, celine evolved a very personal, quotjubilatoirequot sorry, my first language is french style that does make most of modern french authors look like zombies. quotjourneyquot, celines first book, includes unexpected borrowings form colloquial, spoken french. a look to further works, however, shows that these borrowings were only a starting point for a unique work on the french language. from the night of his personal experience, celine reaches through language to ultimate elegance, light and lightness a transfiguration arguably difficult to translate into english. jacques p. du pasquier geneva, switzerland editor of hache, ...",1995,10,21,Saturday
1995-10-22,US,53096008,R351SC94GU71FE,393307069,659543252.0,Post Captain (Aubrey/Maturin),Books,5,0,1,False,False,second in the aubreymaturin series of napoleonic war tales,"if you want to get the flavor of obrians tales of the sea adventures of englands capt. aubrey and his close friend dr, steven maturin this is the best book in the series to stsrt from. returning from a long campaign as a commander jack amp steven spend a long spell in england. obrian introduces us to their future wives and his sights and sounds of english country life will transport you back to early 19th century england. a rousing tale that ends with jack becoming a post captain. no one captures the language of the times like obrian and you will want to read all of the 16 volumes that make up this series. the aubreymaturin stories are the best in this genre.",1995,10,22,Sunday
1995-10-22,US,53096008,R2V0V2U292068L,523423012,932328326.0,To Live And Die In L.A.,Books,5,2,3,False,False,excellent l.a. cops story of drug enforcement,better than the movie an action filled story of la undercover cops running a drug bust. proably the best of petievichs books. his knowledge of law enforcement makes this a real page turner.,1995,10,22,Sunday
1995-10-22,US,53096008,R1XSBANXHY2LOB,1556113560,938603406.0,The Gun Ketch,Books,5,0,0,False,False,the adventures of lt.lewrie rn in early 19th century navy,"this is dewey lambdins 5th book in the lewrie series. a far more down to earth character of the napoleonic war british navy heros alan lewrie likes his women and is first a ladys man and a seaman second. still wondering how he ever became a british oficer, his marriage to caroline and transfer to captain the bomb ketch alacrity for duty in the bahamas starts a new adventure for this lusty and unlikely hero. if you enjoy the aubrey and hornblower series these stories are more fun to read but will keep you turning the pages to find out how alan escapes from one problem to another.",1995,10,22,Sunday
1995-10-22,US,53096008,R2WVO8MZVW9RWP,044651862X,58848637.0,The Celestine Prophecy: An Adventure,Books,2,0,0,False,False,an overhyped book and one of the worst written,"having been given this book as a present by my son who claims he was inspired by the narative, i was very let down. for a book that is basically suppose to be for self enlightenment why did the author go to this hokey story line. he would have been better off writing it as a straight book for enlightenment... that is if he could write!!!! if you want to see what writing is all about read umberto ecos new magnificent novel quotthe island of the day beforequot. a guess to sell a best seller today you need to write to the level of the masses.. a sad commentary on our times.",1995,10,22,Sunday
1995-10-23,US,53096008,RR7Z2U9R6RHY6,316353957,53525621.0,Blue Highways: A Journey Into America,Books,5,2,2,False,False,journey across the lesser known byways of america,mr. moons unforgetable journey to the off the beaten paths of america. he captures the soul of our nation as it use to be. here are desciptions of the people that one rarely hears or reads about. if you want to learn about what makes this country great...read blue highways. it will give you inspiration to journey to the offbeat roads of america.,1995,10,23,Monday
1995-10-23,US,53096228,R39JMI1B1W7ZW5,679440380,630529008.0,Palimpsest: A Memoir,Books,4,3,3,False,False,"enjoyable, erratic, gossipy","a mustread for gores fans. he knew many of the important figures of the 20th century personally, and has a more brilliant and insightful mind than most of them. this book, written from the point of old age, is a hodgepodge of reflections, and frank reminiscences. includes many gossipy tales his account of verbal battles with truman capote in front of an alarmed tennessee williams are priceless.",1995,10,23,Monday
1995-10-23,US,52194881,R3H4NOKDONXLDS,824815130,174665453.0,The Hikers Guide To O'Ahu (A Kolowalu Book),Books,5,7,7,False,False,a musthave if you plan to hike on the island of oahu.,"stuart balls book is an excellent resource for anyoneplanning to hike on oahu. in fact, it has been in mybackpack on most hikes ive been on. great info on how to get to the trailhead, the length and level of difficulty of the hike, and insights about what to see and expect when youre on a particular trail. the best hawaiibased book ive read.",1995,10,23,Monday
1995-10-24,US,53096131,R1REVOWTFNNBDL,442019416,608525973.0,Essential Client Server Survival Guide,Books,4,0,0,False,False,excellent summary of the state of the clientserver industry,this is an excellent quotget me caught up quickquot book on client server technology and i would recommend it for anyone who has been in mainframeland and wants to get a perspective on the cs paradigm. i enjoyed the easy fluid style of presentation. this book is an investment.,1995,10,24,Tuesday
1995-10-24,US,53096021,RSD9IZ6E4G65J,679406395,13081295.0,"Monsters Of The Sea: The History, Natural History, And Mythology Of The Oceans' Most Fantastic Creatures",Books,5,1,7,False,False,best book on the subject ever written!,"i always believed that the authors were the best qualified people to review their own books. i wrote this book, and i truly believe that it is the best book on the subject ever written. i loved the research, and the picture research as well it has 150 spectacular illustrations. but most of all, i liked the great reviews i got from among other publications the new york times, nature, and scientific american",1995,10,24,Tuesday
1995-10-24,US,53004137,R1EWQX83PW1I4B,1563891662,332327217.0,The Big Book Of Death,Books,5,8,8,False,False,"sick, morbid and lots of fun!","quotthe big book of death,quot the second in paradox presss quotbig book ofquot series, is a fascinating, disturbing treatment of the subject we simultaneously fear and cant get enough of death. with sections on pointless deaths, capital punishment, famous cemeteries, and lots of other aspects of the big d, its an interesting and informative book. the artwork, by a multitude of comic artists, is also excellent. it may be a comic, but this book is definitely not for kids. if youre a grownup with a fascination for death and a slightly morbid sense of humor, though, check it out!",1995,10,24,Tuesday
1995-10-24,US,53004137,R2SDITORS21ZYV,425121046,533918267.0,Demon Night,Books,4,6,6,False,False,an interesting variant on stephen kings quotsalems lot.quot,"quotdemon nightquot is an interesting read, definitely recommended for fans of straczynski, author of quotothersydequot and creator of the hit syndicated scifi tv series quotbabylon 5.quot although it is strongly reminiscent of stephen kings quotsalems lot,quot it is worth reading on its own merits too. the storyline is compelling, a fascinating variant on the quotvampires overtake a small townquot plot. i prefer straczynskis scriptwriting and short stories to his novels. but the novels are also worthwhile, especially for diehard fans.",1995,10,24,Tuesday
1995-10-24,US,53096033,R1DM07XAJLEI5M,078686043X,238795097.0,The Beardstown Ladies' Common-Sense Investment Guide: How We Beat The Stock Market - And How You Can Too,Books,5,2,9,False,False,excellent book for anyone new to the stock market.,i just started an investment club with a group of friends and this book has become our bible. it is a must for anyone new to investment clubs or individual investing,1995,10,24,Tuesday
1995-10-24,US,53004137,RWKK7AZ9DTIW4,1563891654,17181867.0,"The Big Book Of Urban Legends: 200 True Stories, Too Good To Be True!",Books,5,18,20,False,False,a fantastic book on a fascinating subject!,"did i ever tell you about what happened to my cousins college roommates best friend? no? well ... who out there can honestly say hes never fallen for an urban legend, told as true by some acquaintance? the maniac in the back seat? the mexican pet? the dopedup babysitter who microwaved the baby? the spider in the hairdo? weve all been the victims of these stories at some point in our lives. people pass them around at cocktail parties and office water coolers, always claiming that they really happened to a friend of a friend but never able to offer a name of the unfortunate victim. and jan harold brunvand is the master collector and debunker of the stories. paradox press wisely got brunvand to write its megacomic, quotthe big book of urban legends.quot even for ul aficionadoes, there are a few new ones here. and the irreverent comic format is perfect for these justplausibleenough modern tall tales. its also a great way to introduce friends to uls or to disprove the stories your friends try to pass off as true.",1995,10,24,Tuesday
1995-10-24,US,53095936,R46RVPXPTEUVM,517702258,944860236.0,Tom: The Unknown Tennessee Williams,Books,5,3,3,False,False,an outstanding biography a sure prize contender,"quottomquot by lyle leverich is a truly outstanding work. tennessee williams himself picked leverich to be his quotofficialquot biographer before he died. indeed, leverich was quite friendly with williams the last few years of his life, and came to know him quite well. ordinarily friendship can cause the biographer to lose his objectivity. thats not the case here. but the book isnt simply a collection of dates and events it reads like a good novel, and is extremely wellwritten and wellresearched. ill be very surprised if quottomquot isnt nominated for a major literary award this year.",1995,10,24,Tuesday
1995-10-24,US,53096008,RUZZCQY0HXME1,807118737,796615899.0,"The Battle Of The Wilderness, May 5--6, 1864",Books,5,3,3,False,False,a civil war battle book of the highest caliber.,"if you are a civil war buff as i am you will find battle of the wilderness one of the best researched and written books of the gendre. rheas descriptions are vivid and even though you know the outcome of this battle you relive every hour through his step by step recounting of the action. for those who have never read civil war history this is a moving tale of two of the greatest generals locked in mortal combat, as well as how the common soldier fared in one of the most bloody battles of the civil war.",1995,10,24,Tuesday
1995-10-25,US,53060455,R4SZYHQ0XE1Q,385313837,326245620.0,Hula,Books,5,3,4,False,False,"wonderful,amazingly accurate acount of girlhood,textural","i read this book in one sitting. she captures the smells, feeling, fears of young girls in the hot summer. read it",1995,10,25,Wednesday
1995-10-26,US,53096541,R2DQ2J4R88MOAG,446602450,454060985.0,Spencerville,Books,5,1,2,False,False,fantastic and captivating,"this book really held my attention. i could not put it down and when i absolutely had to, i couldnt wait to get back to it",1995,10,26,Thursday
1995-10-27,US,53074911,R2T6PO9QCW7NFY,912180129,949612214.0,Petroglyphs Of Hawaii,Books,1,4,5,False,False,"poor, promotes destruction of rock art","very simple intro to hawaiian rock art. perhaps best suited for grade school level. inadvertently promotes destruction of rock art by quotrubbingsquot. a better book would be cox amp stasacks quotpetroglyphs of hawaiiquot, available from the bishop museum press.",1995,10,27,Friday
1995-10-28,US,53095983,R320GVTM5RXZNU,786881046,505457356.0,Pulp Fiction: A Quentin Tarantino Screenplay,Books,5,3,4,False,False,a treat for any pulp fiction fan.,shows how much the stars ablibbed and also showss qts gift for dialog. an excellent companion to the film. out of 4,1995,10,28,Saturday
1995-10-29,US,51864151,R1FMZOKK30ZVXW,231082363,856884446.0,The Little Dinosaurs Of Ghost Ranch,Books,5,4,4,False,False,a good book about one small dinosaur.,"this is a wellwritten book that covers the discovery, excavation, and reconstruction of a dinosaur coelophysis. discussion centered on this small therapod incorporates broader material, so that the reader gets an understanding of the life and times of other prehistoric creatures in addition to a detailed account of coelophysis",1995,10,29,Sunday
1995-10-30,US,53095502,R2GOYBPBINGI6,61009059,830758196.0,"One For The Money (Stephanie Plum, No. 1) (Stephanie Plum Novels)",Books,5,1,1,False,False,"watch out grafton,paretsky,gores...evanovich is coming!!",janet evanovich has created a character that will instantly make you laugh. it is a wonderful mystery story and is sure to help her build a following in the mystery genre,1995,10,30,Monday
1995-10-31,US,53095057,R33YNIWSOM4FXT,688043941,533308544.0,Authentic Mexican: Regional Cooking From The Heart Of Mexico,Books,5,22,22,False,False,excellent in every way!,"excellent cookbook. the recipes are the best ive ever found on true mexican cooking. there is a restaurant in chicago owed and operated by the authors of this book. you must check it out if youre ever in chicago. the cookbook itself is extremely easy to follow. it provides very useful sidebar comments on practical tips and regional variations. this helps make this cookbook a dream! if youre looking for a mexican cookbook, theres no better one to be found",1995,10,31,Tuesday
1995-10-31,US,53096399,R29FM9JVXBEPEC,446391581,156881633.0,A Whack On The Side Of The Head: How You Can Be More Creative,Books,4,2,2,False,False,"fast read, useful ideas","structured in an easy to remember fashion good ideas, practical ideas",1995,10,31,Tuesday
1995-11-02,US,53095914,R2ZNGRPS98S7N5,821746324,355069804.0,A Midsummer'S Magic (A Zebra Holiday Regency Romance),Books,5,2,6,False,False,funny and magical!,"when magical spells and love collide, everything goes wrong! this is a light, comical romance, full of fun.",1995,11,2,Thursday
1995-11-02,US,53095959,R3JY8I4S01ZR9J,919359078,707095326.0,"High Society (Cerebus, Volume 2)",Books,4,1,1,False,False,most mature comic book series i ever read.,"if youve never read comics because you think they are too childish, contain too much violence or too much cheap sex, start with this cerebus phonebook. the book tells of cerebus, an aardvark in a human world, who slowly rises to great power in the citystate of iest. it describes in great detail, i might add the political manipulations, religious dogmas and problems in his relationships with the human population that cerebus has to deal with as he campaigns to become primeminister of iest. this is the second volume in the cerebusseries, but my opinion is that it is the best place to start with the series and get hooked forever.",1995,11,2,Thursday
1995-11-02,US,53092930,R2XN974V4OQCZA,345397363,380646713.0,"Complete Directory To Prime Time Network And Cable Tv Shows, Sixth Edition (6Th Ed, Revised)",Books,5,1,1,False,False,the authority on television.,"this is perhaps the most useful reference book ever, giving complete information on everything thats ever been on primetime or latenight television in the united states. plus a complete index of all the actors, and a bunch of useful appendices. good for looking up specific information, and also fun to read covertocover, if you can find the time.",1995,11,2,Thursday
1995-11-02,US,53095881,R2XQTCOBWNCEAC,345350499,627223385.0,The Mists Of Avalon,Books,5,0,0,False,False,one of the best books ive ever read!,"marion zimmer bradley brings king arthurs court to life through the eyes of a woman in the mists of avalon. it is by far one of the best novels ive ever read, and i recommend it to anyone who is interested in seeing a legend from a different point of view",1995,11,2,Thursday
1995-11-03,US,53095862,R14ROWVBQ7XEJD,670858692,40528119.0,Rose Madder,Books,4,0,0,False,False,"real, yet not. kings a great storyteller, as usual","i was surprised by how natural, as opposed to supernatural, the book started out. but both the natural and supernatural elements were spellbinding. very different subject matter for king",1995,11,3,Friday
1995-11-03,US,52815693,R2WQA2A4U75121,932716164,996304390.0,Grammars For Jess & Twenty Two Cropped Sets,Books,5,0,0,False,False,great modern textpoetry truly cool,good poetry read for those into one of the best poets in america. lots of personal stuff but not sappy. neat and sharp.,1995,11,3,Friday
1995-11-03,US,53095862,R2P3PS223QK7EB,449902242,270954632.0,"Healthy Sleep Habits, Happy Child",Books,5,1,1,False,False,changed my life,"my 8 month old son suddenly wasnt sleeping. hed wake up 5 and 6 times in the night when hed been sleeping through and wed go to him and hold him, as always. he wasnt napping at day care. little did we knowwe should have been letting him cry it out! i read this book one week ago, and my son has completely turned around. hes sleeping through the night and at day care. what i didnt realize was that we were harming him by not letting him develop selfsoothing skills like sucking on his fingers, rocking, cooing, even crying which he needed to put himself to sleep when were not around. i had thought quotcry it out. thats not natural. hell think hes abandoned. hell cry for hours.quot but he never cried for more than 10 minutes. now hes a happy baby again",1995,11,3,Friday
1995-11-03,US,52176002,R1M97P3WEMGYIG,688124089,595253424.0,Shadow Of A Dark Queen (The Serpentwar Saga),Books,4,0,0,False,False,one of the finest fantasies i have read,"exciting story, easy to read and understand and visionize. one of my top 10.",1995,11,3,Friday
1995-11-04,US,53096531,R32X957QKAMEGB,1852423269,61043751.0,The Roaches Have No King (High Risk Books),Books,4,2,2,False,False,you will never look at roaches the same way.,"a very interesting work of fiction. it is the story of a group of roaches that inhabit an apartment in new york city.a new girlfriend has moved in with ira and cleaned away theirfood supply. this leads our hero, a roach named numbers, toconcoct a plan to drive away the new, tidy roomate. numbersand his generation were literally raised in books and have become imprinted on the book in which they were raised, taking onthat books theme in name and personality. would have rateda bit higher but it approached ethnic differences in a somewhat stereotypical manner",1995,11,4,Saturday
1995-11-07,US,53095937,R178X6Y87EZH9X,394756827,296214142.0,"Gdel, Escher, Bach: An Eternal Golden Braid",Books,5,0,0,False,False,true art,"dcmsinhk.super.net is absolutely right. as the hackers dictionary puts it, this is the must read book for anyserious computer user though i recommend it to anyone which can appriciate true art",1995,11,7,Tuesday
1995-11-08,US,53094761,R3KORFVOX2G1QY,380713853,611117139.0,Brazzaville Beach,Books,5,0,1,False,False,an excellent novel for holiday reading.,"this is one of the more interesting and fun novels that i have read in the last few years. it would probably appeal to many people with a scientific background. it describes research studying chimps in the wild in africa, and ties it in with a very wellwritten human story about the researchers and their lives.",1995,11,8,Wednesday
1995-11-08,US,53096008,R11ZEIWYRMB3Y9,819562513,114140530.0,"Great River: The Rio Grande In North American History. Vol. 1, Indians And Spain. Vol. 2, Mexico And The United States. 2 Vols. In One",Books,5,24,24,False,False,horgans masterpiece history of the rio grande river.,"one of the major materpieces of american historical writing. the two volumes are a continuing delight, far better than any historical novel. scene succeds scene, filled with movement, passion and unbelievable heroism. won the pulitzer and bancroft prizes for history, and is considered the greatest history of the rio grande from precolumbian time to mid 20th century.",1995,11,8,Wednesday
1995-11-09,US,51925861,R2QYF10JPWP7BN,262510189,189809054.0,Ordinary Differential Equations (Mit Press),Books,5,32,35,False,False,a geometrical approach to differential equations.,"this is one of the few original books in the area of differential equations. in his clear style, arnold presents the basics of differential equations. he is more interested in understanding the solutions than in deriving them by analytical methods. the text is well organized and there seem to be more figures than proofs although all proofs are there, it just that they do not get in the way. a must, if you are in the area of chaos and dynamical systems. rm",1995,11,9,Thursday
1995-11-09,US,53095810,R1O8J7W0A60O2R,446364967,500372789.0,The Turing Option (Questar Science Fiction),Books,5,5,7,False,True,about building a superintelligent machine.,"this adventure novel explains some of the theories in my nonfiction, quotthe society of mind.quotto find more about how the robot sven was created, there are additional chapters at ... or ftpftp.ai.mit.edupubminskyoption.chapters best wishes, marvin minsky, mi",1995,11,9,Thursday
1995-11-11,US,52648220,R8XSPTXK3YTVL,914457551,710956461.0,The Complete Book Of Golf Games,Books,5,14,14,False,False,a must for golfers who want to spice up their game!,"this is a delightful, as well as practical, compendium of over 80 golf side games, wagers, tournament formats, etc. all designed to make your next round of 18 holes more fun and maybe more profitable!. the illustrations, trivia, and overall production quality of this book make it far superior to the older books available on the same topic. eyepopping cover and fair price 9.95 make it a great gift for any golfer. i highly recommend this book",1995,11,11,Saturday
1995-11-11,US,53096485,R87VUTMFOE6N,B000002OTL,877615083.0,Pulp Fiction: Music From The Motion Picture,Music,5,0,1,False,False,pulp fiction soundtrack excellent!!!!,pulp fiction the movie is one of my favorite movies. the soundtrack is excellent. i reccommend it. email me and tell me your thoughts on the movie amp the soundtrack of pulp fiction. end,1995,11,11,Saturday
1995-11-11,US,53096485,RVS529AN21RR3,6302136105,701401373.0,The Doors [Vhs],Video,5,1,2,False,False,the doors the best movie ever,the doors is one of my favorite movies. val kilmer is a great actor. email me and tell me your thoughts on this movie end,1995,11,11,Saturday
1995-11-12,US,53062069,R6HGFGKXN1CJ4,262560704,328483841.0,Effective Cycling: 6Th Edition,Books,5,16,17,False,False,this book should be on every cyclists bookshelf!,"whatever your involvement in cycling, youll want to read effective cycling. youll learn about every aspect of riding, from selecting equipment to touring to riding in traffic. find out what kind of accidents really happen to cyclists, so you can learn how to avoid that sort of accident, and stop worrying about accidents that almost never happen. like being hit from behind. forester is one of the worlds foremost experts in traffic cycling, and he designed the effective cycling program which is taught by the league of american bicyclists. a similar program is the canbike skills program of the canadian cycling association. both courses teach traffic cycling skills and use effective cycling as the text. i consider the quotriding in trafficquot chapters to be most important. youll learn where to be on the road which lane? how far from the curb? and where to be within your lane right? middle? left? all of which depends on what sort of road youre riding on. youll learn how to change lanes properly in any traffic condition, how to gain cooperation from motorists, how to prevent acccidents from happening to you, and how to avoid an accident thats coming your way by using emergency maneuvers. if you are going to buy only one cycling book, effective cycling should certainly be the one. while youre at it, buy a gift copy for every cyclist you love. foresters effective cycling techniques work. i ride in busy city traffic every day and its easy and fun. this i owe in large part to effective cycling.",1995,11,12,Sunday
1995-11-13,US,51905519,R104VGYWF74891,380772574,871311374.0,Enchanted (Medieval Series),Books,4,0,0,False,False,hot!hot!hot!,"this tale of the cold, norman heiress, and the strong, unforgiving man she is forced to wed is not to be missed. told in the style like only lowell can do it, this story unites passion, anger, acceptance and a love in love story that will leave you begging for more!",1995,11,13,Monday
1995-11-13,US,53095772,R1VK62QTKCCQSY,441094996,271001733.0,The Cat Who Walks Through Walls,Books,3,3,5,False,False,half of a very good book.,"the first half of this book is vintage heinlein. this is probably because the first half was written twenty years before the second half. the latter half of the book is reminiscent of heinleins quotnumber of the beastquot, and is almost as poorly written. recommended only for someone who wants to read every heinlein novel.",1995,11,13,Monday
1995-11-13,US,51905519,R1W3Q924D35H26,671744593,793793081.0,Remembrance,Books,4,0,0,False,False,this was one pageturner im glad read. dont miss it!!!,"this was the first book by jude deveraux that i had ever read and boy was i pleasantly surprised.i was also deeply regretful that it took me this long to find out about her! at least now, when im waiting for judith mcnaught to turn out a new book, ill have her friend, jude deveraux, to read!",1995,11,13,Monday
1995-11-13,US,53095776,R3JNYVZLP1APW5,405038437,780827467.0,New Conscience And An Ancient Evil (Family In America),Books,3,0,17,False,False,"addams, j text, hard",a new conscience and an ancient evi,1995,11,13,Monday
1995-11-15,US,53095748,RG6LPC4W8LN29,399134204,31287929.0,The Joy Luck Club,Books,5,0,1,False,False,gives a deeper understanding of chinese culture.,the book in some way or another gives a deeper view into the chinese own set of behaviour. touching at times.,1995,11,15,Wednesday
1995-11-15,US,53095622,R1TUW5NZB1TPG,1886186006,587691602.0,Sponging: A Guide To Living Off Those You Love,Books,5,0,0,False,False,"if god were funny, he would have written this book.","this book is so stupid, its genius. i read it in two hours and then read it again on the toilet a day later. i laughed twice as hard the second time. its hard to believe that these guys found somebody to publish this stuff, but im glad they did. i gave a copy to my son who still wont get the hint that i want him to get his lazy butt off my damn couch. he laughed harder than i did and hid the remote control until i leant him 20 and a pint of bourbon. good book.",1995,11,15,Wednesday
1995-11-16,US,53095745,R83URIAFD3XJT,671870785,857524868.0,"Building Bridge: New, Quick, & Easy Way To Learn America'S Favorite Card Game",Books,5,2,2,False,False,"terrific! easy to understand, clear, and witty, too!","im just a beginner learning bridge by all different means computer programs, books, and so on, but not with real people and not online yet. this book is teaching me more than any other book ive seen or read, and im really beginning to understand the game plus the reasons behind the bidding and play, thanks to this book. i really cant say enough good things about this book. if youre learning bridge, i highly recommend it, and while youre learning, please drop me a line, too. please note correction in my email address p.s. ive been teaching my 13, 12, and 9yearolds out of this book, too, and its easy enough for them to understand",1995,11,16,Thursday
1995-11-18,US,53095729,RQX0NHIJ2Z569,452274591,508221835.0,Mid-Life Confidential: The Rock Bottom Remainders Tour America With Three Chords And An Attitude,Books,5,1,4,False,False,by most of your favorite authors great,"dave barry, kingsolver, marsh and stephen king and the rest. if you like books this one is for you",1995,11,18,Saturday
1995-11-19,US,53095695,R9TJBUNJX6D8K,038794284X,329995254.0,Introduction To Game Theory (Universitext),Books,4,1,3,False,False,an excellent book to be used in introductory courses of gt,"though it is an excellent introductory book to be used in game theory courses, it is not suggested for self study in case the reader lacks on a mathematics background. the provided material seems to be the result of the authors hard work on issues related to teaching gt. the final chapter devoted to programming algorithms and techniques sounds more as an addendum or appendix, than as a quotsine qua nonquot component of the book. adamantios koumpis bsc in computer science institute of computer science, foundation for research and technologyhellas crete, greece",1995,11,19,Sunday
1995-11-19,US,53096434,RKZTXDBM6PX4N,691077304,232298383.0,"Open Borders, Nonalignment, And The Political Evolution Of Yugoslavia (Princeton Legacy Library)",Books,5,3,3,False,False,an excellent monograph.,an excellent monograph by an outstanding scholar,1995,11,19,Sunday
1995-11-20,US,53026422,R33R0DFKAO6ESU,441631215,832437752.0,Only A Trillion,Books,4,0,6,False,False,fantastic review,i am continually amazed and astounded,1995,11,20,Monday
1995-11-21,US,53095692,RQR7102OERFLE,553299077,87417247.0,The Face Of The Waters,Books,5,0,0,False,False,would have made a better screenplay than waterworld!,"one of agbergs best! a wonderfully lucid view of hydros, a planet of water, and the search by marooned earthmen for paradise and spiritual redemtion. a remarkable journey through an exotic alien world. read it!",1995,11,21,Tuesday
1995-11-22,US,53096316,R3RRC9ZELZT51B,676312977,178447398.0,Hero And The Crown,Books,1,13,33,False,False,"read it aloud yourself, instead.","the book in print is magical, evocative, and lyrical. the audiotapes are leaden and so disappointing. the voices for the main characters are wrong, wrong, wrong. the female sounds wimpy and trapped in a bad sitcom, while the male lead sounds like he has hair on his knuckles. if you really want a good fantasy on tape, buy something read by flo gibson. if you like mckinley, you will enjoy the e.e. nesbit books, such as quotfive children and it,quot and quotthe enchanted castle,quot both excellently read",1995,11,22,Wednesday
1995-11-22,US,53073385,R3IJ91HHIWFF81,848808169,150825861.0,These Old Shades,Books,5,24,25,False,False,"heyers best, charming, witty, full of humor","for a lighthearted read, this is one of the most wittily written regency romances ever published. full of believable and captivating characters, these old shades will take you body and soul to a time and place long past, if indeed it ever existed. the duc of avon is the male lead he is an unrepentant reprobate whose basic good nature has not quite entirely withered away. he adpots a street waif in paris, playing along with the charade that the child is a boy. his motives are not of the best, at first, but as the story unfolds, we are allowed to watch a subtle shift in the thrust of his plans. the two main characters are supported by a rich cast of characters, from the household servants to the pinnacle of paris society. the ducs bubbleheaded sister is not as much of a lightweight as she would have you believe, and his younger brother is just a simple, nice fellow. the biggest appeal of this book, for this reviewer at any rate, is the languageoftheday, with which ms. heyer brings these people and this era to brilliant clarity.",1995,11,22,Wednesday
1995-11-22,US,53096008,R12YVQ9SW06GA7,805240616,710501777.0,The Five Books Of Moses: The Schocken Bible: Volume I / Deluxe Edition,Books,5,9,9,False,False,a major translation of the first five books of the bible,a glorious book that is magnificently printed. mr. foxs translation is pure poetry. the commentary is the best i have ever read. for the bible student and layman this is a version of the first five books of moses that should not be missed. will undoubtly become a classic in bible literature. the translation from the hebrew is a joy to read and brings new insights to this the greatest of all books written.,1995,11,22,Wednesday
1995-11-24,US,53095677,R2XVQZDED8Q2H5,910311978,360983853.0,En Route To Global Occupation,Books,5,13,16,False,False,ready for the federation of earth and a new constitution?,this book reads like a journey of an author who lived the story he tells. thats exactly what it is. includes reproductions of documents attained from organizations who are willing to destroy the soveriegnty of all nations in favor of a world govt. gary kah served in the reagan administration as a high ranking official and became a infiltrator of the world parliament and constitution assoc. written from a christian perspective with a slant on bible prophecy. well documented. read in conjunction with william jaspers global tyranny step by step to see the same story from a secular point of view.,1995,11,24,Friday
